movie_id,title,genre,director,keywords,description
1,Silent Horizon,Sci-Fi,Wren Castillo,"space, isolation, first contact, survival",A lone astronaut discovers a signal that isn't supposed to exist and has to decide whether to answer it.
2,The Last Ledger,Drama,Marcus Dunhill,"family business, inheritance, betrayal, small town",Three siblings fight over their late father's failing bookstore and the secrets hidden in its accounts.
3,Punchline City,Comedy,Priya Nadeem,"stand-up comedy, friendship, city life, underdog","A failing comedian gets one last shot at an open mic that could change everything, or end it."
4,Iron Tide,Action,Wren Castillo,"heist, ocean, revenge, ex-military",A former navy diver assembles a crew to pull off an underwater heist on the ship that ruined his life.
5,Paper Moths,Romance,Elena Vaszary,"long distance, letters, slow burn, second chances","Two strangers who exchange letters for a year finally agree to meet, but real life is messier than paper."
6,Hollow Pines,Horror,Desmond Ruiz,"haunted house, small town, family secrets, isolation","A family moves into a house that remembers everyone who has ever lived there, whether they want it to or not."
7,Nine Red Doors,Thriller,Marcus Dunhill,"conspiracy, journalist, small town, cover-up","A local reporter finds nine doors in town that all lead to the same locked room, and nobody will explain why."
8,Grit & Gravel,Action,Desmond Ruiz,"car racing, rivalry, redemption, underdog",A washed-up street racer gets one more chance to prove himself against the driver who ended his career.
9,The Quiet Orchard,Drama,Elena Vaszary,"grief, family, small town, healing",A widow returns to her childhood orchard and slowly rebuilds her life alongside the daughter she left behind.
10,Static Bloom,Sci-Fi,Priya Nadeem,"AI, memory, identity, near future",An engineer falls in love with an AI built from her late sister's memories and has to decide what's real.
11,Laugh Track,Comedy,Wren Castillo,"sitcom, workplace, friendship, city life","A struggling sitcom writer's real life keeps getting mistaken for the show's plot, with chaotic results."
12,Undertow,Thriller,Elena Vaszary,"missing person, coastal town, family secrets, cover-up",A detective investigating a disappearance in a coastal town realizes the whole town is hiding the same secret.
13,Midnight Ferry,Romance,Desmond Ruiz,"chance meeting, city life, slow burn, second chances",Two people who miss the same ferry every night for a month finally decide to actually talk to each other.
14,Wire & Bone,Horror,Marcus Dunhill,"cult, isolation, small town, family secrets",A journalist investigating a rural cult realizes she may already be one of its oldest members.
15,Skyline Debt,Drama,Priya Nadeem,"family business, inheritance, city life, betrayal",A property developer must choose between his father's legacy and the neighborhood he's about to demolish.
16,The Gravity Job,Action,Wren Castillo,"heist, space, ex-military, revenge",A disgraced pilot is recruited for a zero-gravity heist that could clear her name or get her killed.
17,Feather Weight,Comedy,Elena Vaszary,"sports, underdog, friendship, redemption",An out-of-shape former boxer trains a ragtag youth team for a tournament nobody expects them to win.
18,Glass Orbit,Sci-Fi,Desmond Ruiz,"space, first contact, isolation, survival",A research station crew must decide whether to trust the alien signal that just saved their lives.
19,Rustwater,Thriller,Wren Castillo,"conspiracy, coastal town, cover-up, journalist",A marine biologist uncovers a corporate cover-up that's been poisoning the town's water for a decade.
20,The Understudy,Drama,Marcus Dunhill,"theatre, ambition, friendship, betrayal","A theatre understudy's dream role finally arrives, at the cost of the friendship that got her there."
21,Neon Static,Sci-Fi,Priya Nadeem,"AI, near future, city life, identity","In a city run by predictive AI, a technician discovers the system has started making decisions of its own."
22,Backyard Wrestling Federation,Comedy,Desmond Ruiz,"friendship, underdog, sports, small town",A group of childhood friends revive their backyard wrestling league to save their favorite local bar.
23,Salt & Static,Romance,Elena Vaszary,"coastal town, chance meeting, slow burn, healing",A radio host and a lighthouse keeper strike up a friendship over the airwaves that slowly becomes something more.
24,Loose Thread,Horror,Marcus Dunhill,"haunted house, family secrets, isolation, cult",A seamstress inherits her grandmother's house and finds that the dresses in the attic are still being worn.
25,The Boarding Pass,Drama,Priya Nadeem,"family, long distance, second chances, healing",A father and estranged daughter are stuck on a delayed flight together with nowhere to run from their history.
26,Overdrive,Action,Wren Castillo,"car racing, revenge, rivalry, ex-military",A retired stunt driver is pulled back in for one last race against the man who framed him.
27,Static Cling,Comedy,Elena Vaszary,"workplace, city life, friendship, underdog","Two rival interns are forced to share a desk, an apartment, and eventually a plan to save their jobs."
28,The Deep End Club,Thriller,Desmond Ruiz,"conspiracy, missing person, cover-up, small town",A group of teenagers who used to meet at an abandoned pool start disappearing one by one.
29,Ashfall Station,Sci-Fi,Marcus Dunhill,"space, survival, isolation, first contact",The last crew on a dying space station must choose who gets the one remaining escape pod.
30,Second Draft,Romance,Priya Nadeem,"long distance, second chances, city life, slow burn","A novelist and her ex-editor are forced to collaborate again, this time on the story of their own breakup."
